City,Local Time,Condition,Temperature_F
Accra,Sat 7:52 pm,Passing clouds. Warm.,77
Edmonton,Sat 1:52 pm,Overcast. Mild.,66
Nassau,Sat 3:52 pm,Sprinkles. Broken clouds. Hot.,90
Addis Ababa,Sat 10:52 pm,Partly sunny. Mild.,67
Frankfurt,Sat 9:52 pm,Clear. Cool.,55
New Delhi,Sun 1:22 am,Fog. Warm.,87
Adelaide,Sun 5:22 am,Chilly.,48
Guatemala City,Sat 1:52 pm,Partly sunny. Warm.,82
New Orleans,Sat 2:52 pm,Sunny. Hot.,90
Algiers,Sat 8:52 pm,Partly sunny. Warm.,84
Halifax,Sat 4:52 pm,Mostly cloudy. Mild.,72
New York,Sat 3:52 pm,Passing clouds. Mild.,75
Almaty,Sun 12:52 am,Passing clouds. Mild.,70
Hanoi,Sun 2:52 am,Rain. Partly cloudy. Warm.,79
Oslo,Sat 9:52 pm,Light rain. Clear. Cool.,55
Amman,Sat 10:52 pm,Clear. Warm.,81
Harare,Sat 9:52 pm,Clear. Mild.,64
Ottawa,Sat 3:52 pm,Partly sunny. Warm.,77
Amsterdam,Sat 9:52 pm,Passing clouds. Cool.,61
Havana,Sat 3:52 pm,Scattered clouds. Extremely hot.,93
Paris,Sat 9:52 pm,Clear. Mild.,66
Anadyr,Sun 7:52 am,Passing clouds. Cool.,49
Helsinki,Sat 10:52 pm,Sprinkles. Passing clouds. Cool.,59
Perth,Sun 3:52 am,Clear. Cool.,57
Anchorage,Sat 11:52 am,Overcast. Cool.,53
Hong Kong,Sun 3:52 am,Passing clouds. Warm.,84
Philadelphia,Sat 3:52 pm,Overcast. Warm.,78
Ankara,Sat 10:52 pm,Passing clouds. Pleasantly warm.,77
Honolulu,Sat 9:52 am,Passing clouds. Warm.,85
Phoenix,Sat 12:52 pm,Passing clouds. Extremely hot.,105
Antananarivo,Sat 10:52 pm,Passing clouds. Cool.,57
Houston,Sat 2:52 pm,Passing clouds. Extremely hot.,97
Prague,Sat 9:52 pm,Clear. Cool.,57
Asuncion,Sat 4:52 pm,Passing clouds. Mild.,73
Indianapolis,Sat 3:52 pm,Partly sunny. Warm.,80
Reykjavik,Sat 7:52 pm,Drizzle. Mostly cloudy. Cool.,55
Athens,Sat 10:52 pm,Pleasantly warm.,85
Islamabad,Sun 12:52 am,Passing clouds. Warm.,82
Rio de Janeiro,Sat 4:52 pm,More clouds than sun. Mild.,72
Atlanta,Sat 3:52 pm,Passing clouds. Hot.,91
Istanbul,Sat 10:52 pm,Clear. Mild.,75
Riyadh,Sat 10:52 pm,Clear. Extremely hot.,93
Auckland,Sun 7:52 am,Partly sunny. Cool.,52
Jakarta,Sun 2:52 am,Passing clouds. Warm.,79
Rome,Sat 9:52 pm,Sunny. Warm.,84
Baghdad,Sat 10:52 pm,Sunny. Extremely hot.,107
Jerusalem,Sat 10:52 pm,Mild.,73
Salt Lake City,Sat 1:52 pm,Scattered clouds. Hot.,90
Bangkok,Sun 2:52 am,Passing clouds. Warm.,81
Johannesburg,Sat 9:52 pm,Clear. Mild.,66
San Francisco,Sat 12:52 pm,Scattered clouds. Mild.,65
Barcelona,Sat 9:52 pm,Passing clouds. Warm.,79
Karachi,Sun 12:52 am,Passing clouds. Warm.,82
San Juan,Sat 3:52 pm,Scattered clouds. Hot.,89
Beijing,Sun 3:52 am,Clear. Warm.,77
Kathmandu,Sun 1:37 am,Partly cloudy. Mild.,72
San Salvador,Sat 1:52 pm,Scattered clouds. Hot.,90
Belgrade,Sat 9:52 pm,Clear. Pleasantly warm.,81
Kingston,Sat 2:52 pm,Hot.,89
Santiago,Sat 3:52 pm,Passing clouds. Pleasantly warm.,81
Bengaluru,Sun 1:22 am,Passing clouds. Mild.,70
Kinshasa,Sat 8:52 pm,Clear. Warm.,82
Santo Domingo,Sat 3:52 pm,Partly sunny. Hot.,90
Berlin,Sat 9:52 pm,Clear. Cool.,61
Kiritimati,Sun 9:52 am,Partly sunny. Warm.,84
São Paulo,Sat 4:52 pm,Passing clouds. Mild.,68
Bogota,Sat 2:52 pm,Scattered showers. Broken clouds. Mild.,63
Kolkata,Sun 1:22 am,Passing clouds. Warm.,84
Seattle,Sat 12:52 pm,Overcast. Mild.,66
Boston,Sat 3:52 pm,More clouds than sun. Mild.,69
Kuala Lumpur,Sun 3:52 am,Passing clouds. Warm.,82
Seoul,Sun 4:52 am,Clear. Mild.,73
Brasilia,Sat 4:52 pm,Scattered clouds. Pleasantly warm.,86
Kuwait City,Sat 10:52 pm,Passing clouds. Extremely hot.,106
Shanghai,Sun 3:52 am,Sprinkles. Passing clouds. Warm.,82
Brisbane,Sun 5:52 am,Quite cool.,51
Kyiv,Sat 10:52 pm,Passing clouds. Warm.,84
Singapore,Sun 3:52 am,Passing clouds. Warm.,82
Brussels,Sat 9:52 pm,Passing clouds. Cool.,59
La Paz,Sat 3:52 pm,Passing clouds. Refreshingly cool.,57
Sofia,Sat 10:52 pm,Passing clouds. Warm.,83
Bucharest,Sat 10:52 pm,Passing clouds. Warm.,79
Lagos,Sat 8:52 pm,Passing clouds. Warm.,79
St. John's,Sat 5:22 pm,Passing clouds. Mild.,73
Budapest,Sat 9:52 pm,Clear. Mild.,72
Lahore,Sun 12:52 am,Clear. Warm.,88
Stockholm,Sat 9:52 pm,Passing clouds. Cool.,61
Buenos Aires,Sat 4:52 pm,Passing clouds. Refreshingly cool.,57
Las Vegas,Sat 12:52 pm,Scattered clouds. Extremely hot.,102
Suva,Sun 7:52 am,Overcast. Mild.,68
Cairo,Sat 10:52 pm,Clear. Warm.,84
Lima,Sat 2:52 pm,Scattered clouds. Mild.,76
Sydney,Sun 5:52 am,Overcast. Cool.,55
Calgary,Sat 1:52 pm,Overcast. Mild.,70
Lisbon,Sat 8:52 pm,Clear. Mild.,68
Taipei,Sun 3:52 am,Passing clouds. Warm.,81
Canberra,Sun 5:52 am,Low clouds. Chilly.,37
London,Sat 8:52 pm,Clear. Mild.,66
Tallinn,Sat 10:52 pm,Sprinkles. Partly cloudy. Cool.,59
Cape Town,Sat 9:52 pm,Passing clouds. Cool.,55
Los Angeles,Sat 12:53 pm,Sunny. Warm.,86
Tashkent,Sun 12:53 am,Passing clouds. Mild.,76
Caracas,Sat 3:53 pm,Passing clouds. Hot.,90
Madrid,Sat 9:53 pm,Clear. Pleasantly warm.,82
Tegucigalpa,Sat 1:53 pm,Partly sunny. Warm.,82
Casablanca,Sat 8:53 pm,Clear. Mild.,73
Managua,Sat 1:53 pm,Scattered clouds. Extremely hot.,93
Tehran,Sat 11:23 pm,Clear. Pleasantly warm.,88
Chicago,Sat 2:53 pm,Scattered clouds. Warm.,81
Manila,Sun 3:53 am,Passing clouds. Warm.,83
Tokyo,Sun 4:53 am,Fog. Mild.,76
Copenhagen,Sat 9:53 pm,Light rain. Overcast. Cool.,59
Melbourne,Sun 5:53 am,Clear. Quite cool.,43
Toronto,Sat 3:53 pm,Partly sunny. Mild.,75
Dallas,Sat 2:53 pm,Broken clouds. Extremely hot.,102
Mexico City,Sat 1:53 pm,Broken clouds. Mild.,73
Vancouver,Sat 12:53 pm,Partly sunny. Mild.,68
Dar es Salaam,Sat 10:53 pm,Passing clouds. Mild.,75
Miami,Sat 3:53 pm,Thunderstorms. Broken clouds. Hot.,90
Vienna,Sat 9:53 pm,Clear. Mild.,68
Darwin,Sun 5:23 am,Clear. Mild.,72
Minneapolis,Sat 2:53 pm,Passing clouds. Warm.,78
Warsaw,Sat 9:53 pm,Clear. Cool.,57
Denver,Sat 1:53 pm,Scattered clouds. Hot.,92
Minsk,Sat 10:53 pm,Passing clouds. Cool.,61
Washington DC,Sat 3:53 pm,Cloudy. Warm.,78
Detroit,Sat 3:53 pm,Overcast. Mild.,73
Montevideo,Sat 4:53 pm,Passing clouds. Cool.,52
Winnipeg,Sat 2:53 pm,Mild.,71
Dhaka,Sun 1:53 am,Low clouds. Warm.,86
Montréal,Sat 3:53 pm,Partly sunny. Warm.,81
Yangon,Sun 2:23 am,Drizzle. Mostly cloudy. Warm.,77
Doha,Sat 10:53 pm,Clear. Extremely hot.,95
Moscow,Sat 10:53 pm,Overcast. Mild.,68
Zagreb,Sat 9:53 pm,Passing clouds. Mild.,64
Dubai,Sat 11:53 pm,Passing clouds. Extremely hot.,99
Mumbai,Sun 1:23 am,Passing clouds. Warm.,84
Zürich,Sat 9:53 pm,Passing clouds. Mild.,63
Dublin,Sat 8:53 pm,Partly sunny. Cool.,57
Nairobi,Sat 10:53 pm,Passing clouds. Mild.,66
