City,Local Time,Condition,Temperature
Accra,Sun 12:32 pm,Drizzle. Mostly cloudy. Warm.,77 °F
Edmonton,Sun 6:32 am,Passing clouds. Cool.,59 °F
Nassau,Sun 8:32 am,Passing clouds. Warm.,84 °F
Addis Ababa,Sun 3:32 pm,Fog. Mild.,66 °F
Frankfurt,Sun 2:32 pm,Sunny. Mild.,68 °F
New Delhi,Sun 6:02 pm,Partly sunny. Hot.,89 °F
Adelaide,Sun 10:02 pm,Cool.,56 °F
Guatemala City,Sun 6:32 am,Partly sunny. Mild.,64 °F
New Orleans,Sun 7:32 am,Scattered clouds. Warm.,85 °F
Algiers,Sun 1:32 pm,Scattered clouds. Warm.,84 °F
Halifax,Sun 9:32 am,Rain. Fog. Mild.,66 °F
New York,Sun 8:32 am,Scattered clouds. Mild.,68 °F
Almaty,Sun 5:32 pm,Partly sunny. Pleasantly warm.,88 °F
Hanoi,Sun 7:32 pm,Light rain. Mostly cloudy. Warm.,79 °F
Oslo,Sun 2:32 pm,Passing clouds. Mild.,64 °F
Amman,Sun 3:32 pm,Clear. Hot.,91 °F
Harare,Sun 2:32 pm,Sunny. Pleasantly warm.,78 °F
Ottawa,Sun 8:32 am,Sprinkles. Fog. Mild.,64 °F
Amsterdam,Sun 2:32 pm,Scattered clouds. Mild.,68 °F
Havana,Sun 8:32 am,Clear. Mild.,75 °F
Paris,Sun 2:32 pm,Passing clouds. Mild.,70 °F
Anadyr,Mon 12:32 am,Overcast. Cool.,56 °F
Helsinki,Sun 3:32 pm,Partly sunny. Cool.,59 °F
Perth,Sun 8:32 pm,Scattered showers. Passing clouds. Cool.,57 °F
Anchorage,Sun 4:32 am,Clear. Cool.,52 °F
Hong Kong,Sun 8:32 pm,Passing clouds. Warm.,86 °F
Philadelphia,Sun 8:32 am,Scattered clouds. Mild.,70 °F
Ankara,Sun 3:32 pm,Sunny. Extremely hot.,95 °F
Honolulu,Sun 2:32 am,Passing clouds. Warm.,81 °F
Phoenix,Sun 5:32 am,Passing clouds. Hot.,93 °F
Antananarivo,Sun 3:32 pm,Passing clouds. Pleasantly warm.,79 °F
Houston,Sun 7:32 am,Passing clouds. Warm.,78 °F
Prague,Sun 2:32 pm,Scattered clouds. Mild.,68 °F
Asuncion,Sun 9:32 am,Sunny. Cool.,61 °F
Indianapolis,Sun 8:32 am,Clear. Mild.,63 °F
Reykjavik,Sun 12:32 pm,Broken clouds. Cool.,52 °F
Athens,Sun 3:32 pm,Warm.,85 °F
Islamabad,Sun 5:32 pm,Partly sunny. Warm.,84 °F
Rio de Janeiro,Sun 9:32 am,Broken clouds. Mild.,70 °F
Atlanta,Sun 8:32 am,Sunny. Mild.,74 °F
Istanbul,Sun 3:32 pm,Sunny. Warm.,82 °F
Riyadh,Sun 3:32 pm,Sunny. Extremely hot.,109 °F
Auckland,Mon 12:32 am,Overcast. Cool.,54 °F
Jakarta,Sun 7:32 pm,Passing clouds. Warm.,83 °F
Rome,Sun 2:32 pm,Sunny. Extremely hot.,95 °F
Baghdad,Sun 3:32 pm,Sunny. Extremely hot.,106 °F
Jerusalem,Sun 3:32 pm,Warm.,88 °F
Salt Lake City,Sun 6:32 am,Passing clouds. Mild.,72 °F
Bangkok,Sun 7:32 pm,Passing clouds. Warm.,84 °F
Johannesburg,Sun 2:32 pm,Scattered clouds. Mild.,65 °F
San Francisco,Sun 5:32 am,Passing clouds. Cool.,58 °F
Barcelona,Sun 2:32 pm,Passing clouds. Warm.,86 °F
Karachi,Sun 5:32 pm,Partly sunny. Warm.,84 °F
San Juan,Sun 8:32 am,Scattered clouds. Warm.,84 °F
Beijing,Sun 8:32 pm,Clear. Warm.,84 °F
Kathmandu,Sun 6:17 pm,Drizzle. Broken clouds. Mild.,75 °F
San Salvador,Sun 6:32 am,Passing clouds. Warm.,77 °F
Belgrade,Sun 2:32 pm,Passing clouds. Pleasantly warm.,82 °F
Kingston,Sun 7:32 am,Warm.,82 °F
Santiago,Sun 8:32 am,Clear. Cool.,46 °F
Bengaluru,Sun 6:02 pm,Broken clouds. Warm.,77 °F
Kinshasa,Sun 1:32 pm,Haze. Warm.,88 °F
Santo Domingo,Sun 8:32 am,Passing clouds. Warm.,81 °F
Berlin,Sun 2:32 pm,Scattered clouds. Mild.,63 °F
Kiritimati,Mon 2:32 am,Passing clouds. Warm.,79 °F
São Paulo,Sun 9:32 am,Partly sunny. Mild.,63 °F
Bogota,Sun 7:32 am,Partly sunny. Cool.,52 °F
Kolkata,Sun 6:02 pm,Scattered clouds. Warm.,88 °F
Seattle,Sun 5:32 am,Passing clouds. Cool.,61 °F
Boston,Sun 8:32 am,Low clouds. Mild.,66 °F
Kuala Lumpur,Sun 8:32 pm,Passing clouds. Warm.,88 °F
Seoul,Sun 9:32 pm,Clear. Warm.,81 °F
Brasilia,Sun 9:32 am,Passing clouds. Mild.,75 °F
Kuwait City,Sun 3:32 pm,Passing clouds. Extremely hot.,116 °F
Shanghai,Sun 8:32 pm,Passing clouds. Warm.,84 °F
Brisbane,Sun 10:32 pm,Cool.,63 °F
Kyiv,Sun 3:32 pm,Passing clouds. Mild.,73 °F
Singapore,Sun 8:32 pm,Passing clouds. Warm.,86 °F
Brussels,Sun 2:32 pm,Passing clouds. Mild.,68 °F
La Paz,Sun 8:32 am,Fog. Quite cool.,41 °F
Sofia,Sun 3:32 pm,Passing clouds. Hot.,89 °F
Bucharest,Sun 3:32 pm,Passing clouds. Hot.,91 °F
Lagos,Sun 1:32 pm,Mild.,75 °F
St. John's,Sun 10:02 am,Partly sunny. Mild.,64 °F
Budapest,Sun 2:32 pm,Passing clouds. Pleasantly warm.,79 °F
Lahore,Sun 5:32 pm,Thunderstorms. Broken clouds. Extremely hot.,95 °F
Stockholm,Sun 2:32 pm,Scattered clouds. Mild.,68 °F
Buenos Aires,Sun 9:32 am,Sunny. Cool.,46 °F
Las Vegas,Sun 5:32 am,Passing clouds. Extremely hot.,94 °F
Suva,Mon 12:32 am,Overcast. Mild.,71 °F
Cairo,Sun 3:32 pm,Passing clouds. Extremely hot.,95 °F
Lima,Sun 7:32 am,Overcast. Mild.,70 °F
Sydney,Sun 10:32 pm,Clear. Mild.,63 °F
Calgary,Sun 6:32 am,Passing clouds. Cool.,59 °F
Lisbon,Sun 1:32 pm,Thunderstorms. Fog. Mild.,68 °F
Taipei,Sun 8:32 pm,Partly cloudy. Warm.,84 °F
Canberra,Sun 10:32 pm,Clear. Quite cool.,41 °F
London,Sun 1:32 pm,Sunny. Mild.,70 °F
Tallinn,Sun 3:32 pm,Overcast. Cool.,59 °F
Cape Town,Sun 2:32 pm,Passing clouds. Mild.,66 °F
Los Angeles,Sun 5:32 am,Passing clouds. Mild.,71 °F
Tashkent,Sun 5:32 pm,Passing clouds. Hot.,88 °F
Caracas,Sun 8:32 am,Scattered clouds. Warm.,82 °F
Madrid,Sun 2:32 pm,Partly sunny. Pleasantly warm.,84 °F
Tegucigalpa,Sun 6:32 am,Scattered clouds. Mild.,68 °F
Casablanca,Sun 1:32 pm,Passing clouds. Warm.,79 °F
Managua,Sun 6:32 am,Scattered clouds. Warm.,79 °F
Tehran,Sun 4:02 pm,Passing clouds. Extremely hot.,95 °F
Chicago,Sun 7:32 am,Passing clouds. Cool.,62 °F
Manila,Sun 8:32 pm,Overcast. Warm.,86 °F
Tokyo,Sun 9:32 pm,Sprinkles. Overcast. Warm.,82 °F
Copenhagen,Sun 2:32 pm,Sprinkles. Partly sunny. Cool.,57 °F
Melbourne,Sun 10:32 pm,Passing clouds. Cool.,50 °F
Toronto,Sun 8:32 am,Partly sunny. Mild.,63 °F
Dallas,Sun 7:32 am,Partly cloudy. Warm.,85 °F
Mexico City,Sun 6:32 am,Partly cloudy. Cool.,55 °F
Vancouver,Sun 5:32 am,Sprinkles. Overcast. Cool.,61 °F
Dar es Salaam,Sun 3:32 pm,Scattered clouds. Hot.,90 °F
Miami,Sun 8:32 am,Passing clouds. Warm.,83 °F
Vienna,Sun 2:32 pm,Passing clouds. Mild.,75 °F
Darwin,Sun 10:02 pm,Clear. Mild.,75 °F
Minneapolis,Sun 7:32 am,Clear. Cool.,61 °F
Warsaw,Sun 2:32 pm,Scattered clouds. Mild.,64 °F
Denver,Sun 6:32 am,Partly cloudy. Mild.,69 °F
Minsk,Sun 3:32 pm,Partly sunny. Mild.,66 °F
Washington DC,Sun 8:32 am,Passing clouds. Mild.,69 °F
Detroit,Sun 8:32 am,Sunny. Cool.,60 °F
Montevideo,Sun 9:32 am,Partly sunny. Quite cool.,45 °F
Winnipeg,Sun 7:32 am,Cool.,54 °F
Dhaka,Sun 6:32 pm,Scattered clouds. Extremely hot.,94 °F
Montréal,Sun 8:32 am,Overcast. Mild.,68 °F
Yangon,Sun 7:02 pm,Mostly cloudy. Warm.,82 °F
Doha,Sun 3:32 pm,Passing clouds. Extremely hot.,102 °F
Moscow,Sun 3:32 pm,Sunny. Mild.,71 °F
Zagreb,Sun 2:32 pm,Passing clouds. Pleasantly warm.,81 °F
Dubai,Sun 4:32 pm,Sunny. Extremely hot.,109 °F
Mumbai,Sun 6:02 pm,Light rain. Overcast. Warm.,86 °F
Zürich,Sun 2:32 pm,Passing clouds. Mild.,73 °F
Dublin,Sun 1:32 pm,Light rain. Partly sunny. Mild.,63 °F
Nairobi,Sun 3:32 pm,Partly sunny. Warm.,77 °F
